{"cameraMode":{"drawMode":0,"name":"Shaded","section":"Shading Mode"},"sceneLighting":false,"audioPlay":false,"sceneViewState":{"m_AlwaysRefresh":false,"showFog":false,"showSkybox":false,"showFlares":false,"showImageEffects":false,"showParticleSystems":false,"showVisualEffectGraphs":true,"m_FxEnabled":true},"in2DMode":false,"pivot":{"x":0.008181571960449219,"y":1.3758965730667115,"z":3.0956459045410158},"rotation":{"x":0.12111560255289078,"y":-0.5613684058189392,"z":0.0834541991353035,"w":0.8145490884780884},"size":0.8660253882408142,"orthographic":false}