{"cameraMode":{"drawMode":0,"name":"Shaded","section":"Shading Mode"},"sceneLighting":true,"audioPlay":false,"sceneViewState":{"m_AlwaysRefresh":false,"showFog":false,"showSkybox":true,"showFlares":false,"showImageEffects":false,"showParticleSystems":false,"showVisualEffectGraphs":true,"m_FxEnabled":true},"in2DMode":false,"pivot":{"x":16.910213470458986,"y":-3.4643301963806154,"z":-42.701168060302737},"rotation":{"x":-0.013361988589167595,"y":-0.9801671504974365,"z":0.07069756835699082,"w":-0.18475595116615296},"size":25.227886199951173,"orthographic":false}