{"cameraMode":{"drawMode":0,"name":"Shaded","section":"Shading Mode"},"sceneLighting":true,"audioPlay":false,"sceneViewState":{"m_AlwaysRefresh":false,"showFog":true,"showSkybox":true,"showFlares":true,"showImageEffects":true,"showParticleSystems":true,"showVisualEffectGraphs":true,"m_FxEnabled":true},"in2DMode":false,"pivot":{"x":-3.3824143409729006,"y":2.6805715560913088,"z":1.587601661682129},"rotation":{"x":-0.3489881753921509,"y":0.43200257420539858,"z":-0.18592137098312379,"w":-0.8106237649917603},"size":17.806533813476564,"orthographic":false}