{"cameraMode":{"drawMode":0,"name":"Shaded","section":"Shading Mode"},"sceneLighting":false,"audioPlay":false,"sceneViewState":{"m_AlwaysRefresh":false,"showFog":true,"showSkybox":false,"showFlares":true,"showImageEffects":true,"showParticleSystems":true,"showVisualEffectGraphs":true,"m_FxEnabled":true},"in2DMode":false,"pivot":{"x":-0.22830452024936677,"y":-0.209420308470726,"z":0.1777314394712448},"rotation":{"x":-0.060217659920454028,"y":0.9061480760574341,"z":-0.3952524960041046,"w":-0.13806387782096864},"size":0.5913523435592651,"orthographic":false}