{"cameraMode":{"drawMode":0,"name":"Shaded","section":"Shading Mode"},"sceneLighting":false,"audioPlay":false,"sceneViewState":{"m_AlwaysRefresh":false,"showFog":false,"showSkybox":false,"showFlares":false,"showImageEffects":false,"showParticleSystems":false,"showVisualEffectGraphs":true,"m_FxEnabled":true},"in2DMode":false,"pivot":{"x":0.12327390909194946,"y":0.8371785879135132,"z":-1.8027112483978272},"rotation":{"x":0.02602277137339115,"y":0.972845196723938,"z":-0.13690486550331117,"w":0.18488049507141114},"size":1.3059316873550416,"orthographic":false}