{"cameraMode":{"drawMode":0,"name":"Shaded","section":"Shading Mode"},"sceneLighting":true,"audioPlay":false,"sceneViewState":{"m_AlwaysRefresh":false,"showFog":true,"showSkybox":true,"showFlares":true,"showImageEffects":true,"showParticleSystems":true,"showVisualEffectGraphs":true,"m_FxEnabled":true},"in2DMode":false,"pivot":{"x":-0.4968576431274414,"y":-5.829861164093018,"z":-0.32581138610839846},"rotation":{"x":0.4145647883415222,"y":-0.2883206903934479,"z":0.14032308757305146,"w":0.8516647815704346},"size":15.318902969360352,"orthographic":false}