{"cameraMode":{"drawMode":0,"name":"Shaded","section":"Shading Mode"},"sceneLighting":false,"audioPlay":false,"sceneViewState":{"m_AlwaysRefresh":false,"showFog":false,"showSkybox":false,"showFlares":false,"showImageEffects":false,"showParticleSystems":false,"showVisualEffectGraphs":true,"m_FxEnabled":true},"in2DMode":false,"pivot":{"x":0.45228156447410586,"y":1.43231999874115,"z":0.5363695025444031},"rotation":{"x":-0.0011024859268218279,"y":0.9990276098251343,"z":-0.039888475090265277,"w":-0.022151140496134759},"size":1.3059316873550416,"orthographic":false}